,Annualized Return,Sharpe Ratio,Information Ratio,Max Drawdown
CNN_Signal,0.5303194052142601,5.509202167361716,2.0071768945100894,-0.023760851629036614
RNN_Signal,0.010663545626484527,0.10661341812207824,-0.5621538073683172,-0.07265603109494444
GRU_Signal,0.1657158010180042,1.6650725050139705,0.24652170435276063,-0.05399542388380276
LSTM_Signal,0.30598284157228917,3.1051531944206845,0.9558787622128051,-0.027162185702865386
